<?xml version="1.0"?>
<?xml-stylesheet type="text/xsl" href="collection.xsl"?>

<Collection>
    <Manga>
        <Title>Chainsaw Man</Title>
        <Image>manga1.jpg</Image>
        <Price>$9.99</Price>
        <Genre>Action, Adventure, Award Winning</Genre>
        <Release>2018</Release>
    </Manga>

    <Manga>
        <Title>Bakuman</Title>
        <Image>manga2.jpg</Image>
        <Price>$6.99</Price>
        <Genre>Comedy, Drama, Romance, Coming of Age</Genre>
        <Release>2012</Release>
    </Manga>

    <Manga>
        <Title>Berserk</Title>
        <Image>manga3.jpg</Image>
        <Price>$14.99</Price>
        <Genre>Action, Fantasy, Horror, Award Winning</Genre>
        <Release>1989</Release>
    </Manga>

    <Manga>
        <Title>One Piece</Title>
        <Image>manga4.jpg</Image>
        <Price>$9.99</Price>
        <Genre>Action, Adventure, Fantasy, Comedy</Genre>
        <Release>1997</Release>
    </Manga>

    <Manga>
        <Title>Naruto</Title>
        <Image>manga5.jpg</Image>
        <Price>$9.99</Price>
        <Genre>Action, Adventure, Fantasy, Comedy</Genre>
        <Release>1999</Release>
    </Manga>

    <Manga>
        <Title>Death Note</Title>
        <Image>manga6.jpg</Image>
        <Price>$9.99</Price>
        <Genre>Supernatural, Suspense, Thriller, Horror</Genre>
        <Release>2006</Release>
    </Manga>

    <Manga>
        <Title>Spy x Family</Title>
        <Image>manga7.jpg</Image>
        <Price>$9.99</Price>
        <Genre>Action, Comedy, Slice of Life</Genre>
        <Release>2019</Release>
    </Manga>

    <Manga>
        <Title>Dorohedoro</Title>
        <Image>manga8.jpg</Image>
        <Price>$12.99</Price>
        <Genre>Action, Fantasy, Comedy, Horror</Genre>
        <Release>2000</Release>
    </Manga>

    <Manga>
        <Title>Black Clover</Title>
        <Image>manga9.jpg</Image>
        <Price>$9.99</Price>
        <Genre>Action, Adventure, Fantasy, Comedy</Genre>
        <Release>2015</Release>
    </Manga>
</Collection>